Replaced Location,Week,Count,Latitude,Longitude
Admiralty,1,2,1.4481,103.8185
Admiralty,2,1,1.4481,103.8185
Admiralty,3,1,1.4481,103.8185
Admiralty,4,1,1.4481,103.8185
Admiralty,5,1,1.4481,103.8185
Admiralty,6,1,1.4481,103.8185
Admiralty,8,1,1.4481,103.8185
Admiralty,49,1,1.4481,103.8185
Admiralty,50,1,1.4481,103.8185
Admiralty,51,1,1.4481,103.8185
Admiralty,52,1,1.4481,103.8185
Admiralty,53,1,1.4481,103.8185
Bedok,8,1,1.3236,103.9273
Bedok,9,1,1.3236,103.9273
Bedok,18,1,1.3236,103.9273
Bedok,19,1,1.3236,103.9273
Bedok,20,1,1.3236,103.9273
Bishan,52,1,1.3515,103.848
Bishan-AMK Park,5,1,1.3663,103.8356
Bishan-AMK Park,6,1,1.3663,103.8356
Bishan-AMK Park,7,1,1.3663,103.8356
Bishan-AMK Park,8,1,1.3663,103.8356
Bishan-AMK Park,9,2,1.3663,103.8356
Bishan-AMK Park,10,2,1.3663,103.8356
Bishan-AMK Park,11,1,1.3663,103.8356
Bishan-AMK Park,12,1,1.3663,103.8356
Bishan-AMK Park,13,1,1.3663,103.8356
Bishan-AMK Park,14,1,1.3663,103.8356
Bishan-AMK Park,25,1,1.3663,103.8356
Bishan-AMK Park,26,1,1.3663,103.8356
Bishan-AMK Park,31,1,1.3663,103.8356
Bukit Batok,17,1,1.3532,103.754
Bukit Brown,17,1,1.3319,103.8263
Bukit Brown,28,1,1.3319,103.8263
Bukit Brown,48,1,1.3319,103.8263
Bukit Merah,4,1,1.2823,103.817
Bukit Timah,1,7,1.3547,103.7764
Bukit Timah,2,8,1.3547,103.7764
Bukit Timah,3,6,1.3547,103.7764
Bukit Timah,4,6,1.3547,103.7764
Bukit Timah,5,6,1.3547,103.7764
Bukit Timah,6,5,1.3547,103.7764
Bukit Timah,7,7,1.3547,103.7764
Bukit Timah,8,5,1.3547,103.7764
Bukit Timah,9,4,1.3547,103.7764
Bukit Timah,10,6,1.3547,103.7764
Bukit Timah,11,5,1.3547,103.7764
Bukit Timah,12,5,1.3547,103.7764
Bukit Timah,13,4,1.3547,103.7764
Bukit Timah,14,4,1.3547,103.7764
Bukit Timah,15,3,1.3547,103.7764
Bukit Timah,16,4,1.3547,103.7764
Bukit Timah,17,6,1.3547,103.7764
Bukit Timah,18,3,1.3547,103.7764
Bukit Timah,19,3,1.3547,103.7764
Bukit Timah,20,3,1.3547,103.7764
Bukit Timah,21,3,1.3547,103.7764
Bukit Timah,22,2,1.3547,103.7764
Bukit Timah,23,2,1.3547,103.7764
Bukit Timah,24,3,1.3547,103.7764
Bukit Timah,25,4,1.3547,103.7764
Bukit Timah,26,2,1.3547,103.7764
Bukit Timah,27,2,1.3547,103.7764
Bukit Timah,28,3,1.3547,103.7764
Bukit Timah,29,2,1.3547,103.7764
Bukit Timah,30,2,1.3547,103.7764
Bukit Timah,31,2,1.3547,103.7764
Bukit Timah,32,4,1.3547,103.7764
Bukit Timah,33,4,1.3547,103.7764
Bukit Timah,34,2,1.3547,103.7764
Bukit Timah,35,2,1.3547,103.7764
Bukit Timah,36,2,1.3547,103.7764
Bukit Timah,37,4,1.3547,103.7764
Bukit Timah,38,2,1.3547,103.7764
Bukit Timah,39,3,1.3547,103.7764
Bukit Timah,40,4,1.3547,103.7764
Bukit Timah,41,5,1.3547,103.7764
Bukit Timah,42,5,1.3547,103.7764
Bukit Timah,43,6,1.3547,103.7764
Bukit Timah,44,10,1.3547,103.7764
Bukit Timah,45,6,1.3547,103.7764
Bukit Timah,46,8,1.3547,103.7764
Bukit Timah,47,10,1.3547,103.7764
Bukit Timah,48,8,1.3547,103.7764
Bukit Timah,49,10,1.3547,103.7764
Bukit Timah,50,5,1.3547,103.7764
Bukit Timah,51,6,1.3547,103.7764
Bukit Timah,52,6,1.3547,103.7764
Bukit Timah,53,5,1.3547,103.7764
CBD,1,1,1.2801,103.85
CBD,2,2,1.2801,103.85
CBD,3,1,1.2801,103.85
CBD,4,1,1.2801,103.85
CBD,5,1,1.2801,103.85
CBD,6,1,1.2801,103.85
CBD,7,1,1.2801,103.85
CBD,8,1,1.2801,103.85
CBD,9,1,1.2801,103.85
CBD,10,1,1.2801,103.85
CBD,16,1,1.2801,103.85
CBD,19,1,1.2801,103.85
CBD,37,1,1.2801,103.85
CBD,38,1,1.2801,103.85
CBD,39,1,1.2801,103.85
CBD,40,1,1.2801,103.85
CBD,41,1,1.2801,103.85
CBD,42,1,1.2801,103.85
CBD,43,1,1.2801,103.85
CBD,44,1,1.2801,103.85
CBD,45,1,1.2801,103.85
CBD,46,1,1.2801,103.85
CBD,52,1,1.2801,103.85
CBD,53,1,1.2801,103.85
CCNR,1,1,1.371,103.8206
CCNR,2,3,1.371,103.8206
CCNR,3,2,1.371,103.8206
CCNR,4,2,1.371,103.8206
CCNR,5,2,1.371,103.8206
CCNR,6,2,1.371,103.8206
CCNR,7,2,1.371,103.8206
CCNR,8,2,1.371,103.8206
CCNR,9,3,1.371,103.8206
CCNR,10,4,1.371,103.8206
CCNR,11,2,1.371,103.8206
CCNR,12,4,1.371,103.8206
CCNR,13,1,1.371,103.8206
CCNR,14,2,1.371,103.8206
CCNR,15,1,1.371,103.8206
CCNR,16,2,1.371,103.8206
CCNR,17,1,1.371,103.8206
CCNR,18,1,1.371,103.8206
CCNR,19,1,1.371,103.8206
CCNR,20,2,1.371,103.8206
CCNR,21,1,1.371,103.8206
CCNR,22,1,1.371,103.8206
CCNR,23,1,1.371,103.8206
CCNR,24,1,1.371,103.8206
CCNR,25,1,1.371,103.8206
CCNR,26,1,1.371,103.8206
CCNR,28,2,1.371,103.8206
CCNR,29,1,1.371,103.8206
CCNR,30,1,1.371,103.8206
CCNR,31,1,1.371,103.8206
CCNR,37,2,1.371,103.8206
CCNR,38,1,1.371,103.8206
CCNR,40,1,1.371,103.8206
CCNR,41,2,1.371,103.8206
CCNR,42,4,1.371,103.8206
CCNR,43,3,1.371,103.8206
CCNR,44,2,1.371,103.8206
CCNR,45,1,1.371,103.8206
CCNR,46,1,1.371,103.8206
CCNR,47,5,1.371,103.8206
CCNR,48,1,1.371,103.8206
CCNR,49,1,1.371,103.8206
CCNR,50,2,1.371,103.8206
CCNR,51,2,1.371,103.8206
CCNR,52,1,1.371,103.8206
CCNR,53,2,1.371,103.8206
Changi,1,1,1.3644,103.9915
Changi,2,1,1.3644,103.9915
Changi,3,2,1.3644,103.9915
Changi,4,2,1.3644,103.9915
Changi,5,2,1.3644,103.9915
Changi,6,2,1.3644,103.9915
Changi,7,1,1.3644,103.9915
Changi,8,1,1.3644,103.9915
Changi,9,1,1.3644,103.9915
Changi,10,2,1.3644,103.9915
Changi,11,3,1.3644,103.9915
Changi,12,2,1.3644,103.9915
Changi,13,2,1.3644,103.9915
Changi,16,1,1.3644,103.9915
Changi,18,1,1.3644,103.9915
Changi,19,1,1.3644,103.9915
Changi,20,1,1.3644,103.9915
Changi,21,1,1.3644,103.9915
Changi,22,1,1.3644,103.9915
Changi,23,1,1.3644,103.9915
Changi,24,1,1.3644,103.9915
Changi,25,1,1.3644,103.9915
Changi,26,1,1.3644,103.9915
Changi,27,1,1.3644,103.9915
Changi,28,1,1.3644,103.9915
Changi,29,1,1.3644,103.9915
Changi,30,2,1.3644,103.9915
Changi,31,1,1.3644,103.9915
Changi,32,1,1.3644,103.9915
Changi,33,1,1.3644,103.9915
Changi,38,1,1.3644,103.9915
Changi,44,1,1.3644,103.9915
Changi,48,3,1.3644,103.9915
Changi,49,2,1.3644,103.9915
Changi,50,2,1.3644,103.9915
Changi,51,3,1.3644,103.9915
Changi,52,2,1.3644,103.9915
Changi,53,1,1.3644,103.9915
Chinatown,33,1,1.2833,103.8448
Choa Chu Kang,33,1,1.3856,103.7443
Choa Chu Kang,44,2,1.3856,103.7443
Clementi,12,1,1.3151,103.7659
Clementi,24,1,1.3151,103.7659
Dempsey Hill,1,1,1.302,103.8141
Dempsey Hill,2,1,1.302,103.8141
Dempsey Hill,39,1,1.302,103.8141
Dempsey Hill,53,1,1.302,103.8141
Dover,11,1,1.31,103.778
Dover,12,2,1.31,103.778
Dover,13,1,1.31,103.778
Dover,14,1,1.31,103.778
Dover,15,1,1.31,103.778
Dover,16,1,1.31,103.778
Dover,17,1,1.31,103.778
Dover,18,1,1.31,103.778
Dover,19,1,1.31,103.778
Dover,43,1,1.31,103.778
Dover,44,1,1.31,103.778
Dover,48,1,1.31,103.778
East Coast Park,4,1,1.3008,103.9123
East Coast Park,49,1,1.3008,103.9123
Harbourfront,4,1,1.2644,103.8206
Harbourfront,5,1,1.2644,103.8206
Harbourfront,6,1,1.2644,103.8206
Harbourfront,7,1,1.2644,103.8206
Harbourfront,10,1,1.2644,103.8206
Harbourfront,11,1,1.2644,103.8206
Harbourfront,13,1,1.2644,103.8206
Harbourfront,16,1,1.2644,103.8206
Harbourfront,20,1,1.2644,103.8206
Harbourfront,38,1,1.2644,103.8206
Harbourfront,41,1,1.2644,103.8206
Harbourfront,42,1,1.2644,103.8206
Harbourfront,43,1,1.2644,103.8206
Harbourfront,44,4,1.2644,103.8206
Harbourfront,46,1,1.2644,103.8206
Harbourfront,47,2,1.2644,103.8206
Harbourfront,48,1,1.2644,103.8206
Harbourfront,53,1,1.2644,103.8206
Jalan Besar,51,1,1.3064,103.8552
Jurong East,47,1,1.3331,103.7423
Jurong West,1,3,1.3396,103.7073
Jurong West,2,3,1.3396,103.7073
Jurong West,3,4,1.3396,103.7073
Jurong West,4,3,1.3396,103.7073
Jurong West,5,4,1.3396,103.7073
Jurong West,6,4,1.3396,103.7073
Jurong West,7,5,1.3396,103.7073
Jurong West,8,3,1.3396,103.7073
Jurong West,9,3,1.3396,103.7073
Jurong West,10,3,1.3396,103.7073
Jurong West,11,3,1.3396,103.7073
Jurong West,12,4,1.3396,103.7073
Jurong West,13,3,1.3396,103.7073
Jurong West,14,2,1.3396,103.7073
Jurong West,15,1,1.3396,103.7073
Jurong West,16,3,1.3396,103.7073
Jurong West,17,3,1.3396,103.7073
Jurong West,18,1,1.3396,103.7073
Jurong West,19,1,1.3396,103.7073
Jurong West,20,1,1.3396,103.7073
Jurong West,21,1,1.3396,103.7073
Jurong West,24,2,1.3396,103.7073
Jurong West,28,1,1.3396,103.7073
Jurong West,30,1,1.3396,103.7073
Jurong West,31,1,1.3396,103.7073
Jurong West,33,2,1.3396,103.7073
Jurong West,34,1,1.3396,103.7073
Jurong West,35,1,1.3396,103.7073
Jurong West,36,1,1.3396,103.7073
Jurong West,43,1,1.3396,103.7073
Jurong West,44,4,1.3396,103.7073
Jurong West,45,2,1.3396,103.7073
Jurong West,46,2,1.3396,103.7073
Jurong West,47,3,1.3396,103.7073
Jurong West,48,2,1.3396,103.7073
Jurong West,49,2,1.3396,103.7073
Jurong West,50,2,1.3396,103.7073
Jurong West,51,3,1.3396,103.7073
Jurong West,52,2,1.3396,103.7073
Jurong West,53,3,1.3396,103.7073
Jurong island,49,1,1.2667,103.7
Kallang,7,1,1.31,103.8667
Kent Ridge,5,1,1.2931,103.7817
Kent Ridge,6,1,1.2931,103.7817
Kent Ridge,7,1,1.2931,103.7817
Kent Ridge,8,1,1.2931,103.7817
Kent Ridge,9,1,1.2931,103.7817
Kent Ridge,11,1,1.2931,103.7817
Kent Ridge,12,1,1.2931,103.7817
Kent Ridge,13,1,1.2931,103.7817
Kent Ridge,31,1,1.2931,103.7817
Kent Ridge,42,1,1.2931,103.7817
Kent Ridge,43,1,1.2931,103.7817
Kent Ridge,44,1,1.2931,103.7817
Kent Ridge,47,1,1.2931,103.7817
Kranji,1,5,1.4255,103.7614
Kranji,2,6,1.4255,103.7614
Kranji,3,6,1.4255,103.7614
Kranji,4,6,1.4255,103.7614
Kranji,5,6,1.4255,103.7614
Kranji,6,5,1.4255,103.7614
Kranji,7,6,1.4255,103.7614
Kranji,8,6,1.4255,103.7614
Kranji,9,6,1.4255,103.7614
Kranji,10,7,1.4255,103.7614
Kranji,11,7,1.4255,103.7614
Kranji,12,4,1.4255,103.7614
Kranji,13,2,1.4255,103.7614
Kranji,14,4,1.4255,103.7614
Kranji,15,3,1.4255,103.7614
Kranji,16,5,1.4255,103.7614
Kranji,17,2,1.4255,103.7614
Kranji,18,2,1.4255,103.7614
Kranji,19,1,1.4255,103.7614
Kranji,20,1,1.4255,103.7614
Kranji,21,1,1.4255,103.7614
Kranji,22,1,1.4255,103.7614
Kranji,23,1,1.4255,103.7614
Kranji,24,2,1.4255,103.7614
Kranji,25,1,1.4255,103.7614
Kranji,26,1,1.4255,103.7614
Kranji,27,1,1.4255,103.7614
Kranji,30,1,1.4255,103.7614
Kranji,33,1,1.4255,103.7614
Kranji,34,1,1.4255,103.7614
Kranji,35,1,1.4255,103.7614
Kranji,36,1,1.4255,103.7614
Kranji,37,1,1.4255,103.7614
Kranji,38,1,1.4255,103.7614
Kranji,39,1,1.4255,103.7614
Kranji,41,1,1.4255,103.7614
Kranji,42,1,1.4255,103.7614
Kranji,43,1,1.4255,103.7614
Kranji,44,2,1.4255,103.7614
Kranji,45,4,1.4255,103.7614
Kranji,46,8,1.4255,103.7614
Kranji,47,7,1.4255,103.7614
Kranji,48,5,1.4255,103.7614
Kranji,49,4,1.4255,103.7614
Kranji,50,5,1.4255,103.7614
Kranji,51,7,1.4255,103.7614
Kranji,52,5,1.4255,103.7614
Kranji,53,5,1.4255,103.7614
Kusu Island,17,1,1.2245,103.8643
Kusu Island,20,1,1.2245,103.8643
Kusu Island,21,1,1.2245,103.8643
Kusu Island,22,1,1.2245,103.8643
Lazarus Island,47,1,1.2454,103.8482
Lim Chu Kang,1,2,1.44,103.715
Lim Chu Kang,2,2,1.44,103.715
Lim Chu Kang,3,5,1.44,103.715
Lim Chu Kang,4,3,1.44,103.715
Lim Chu Kang,5,2,1.44,103.715
Lim Chu Kang,6,2,1.44,103.715
Lim Chu Kang,7,2,1.44,103.715
Lim Chu Kang,8,2,1.44,103.715
Lim Chu Kang,9,2,1.44,103.715
Lim Chu Kang,10,2,1.44,103.715
Lim Chu Kang,11,1,1.44,103.715
Lim Chu Kang,12,2,1.44,103.715
Lim Chu Kang,13,2,1.44,103.715
Lim Chu Kang,14,3,1.44,103.715
Lim Chu Kang,15,2,1.44,103.715
Lim Chu Kang,16,2,1.44,103.715
Lim Chu Kang,17,1,1.44,103.715
Lim Chu Kang,18,1,1.44,103.715
Lim Chu Kang,19,1,1.44,103.715
Lim Chu Kang,32,1,1.44,103.715
Lim Chu Kang,33,1,1.44,103.715
Lim Chu Kang,34,1,1.44,103.715
Lim Chu Kang,35,1,1.44,103.715
Lim Chu Kang,36,1,1.44,103.715
Lim Chu Kang,37,1,1.44,103.715
Lim Chu Kang,38,1,1.44,103.715
Lim Chu Kang,39,1,1.44,103.715
Lim Chu Kang,40,1,1.44,103.715
Lim Chu Kang,41,1,1.44,103.715
Lim Chu Kang,42,1,1.44,103.715
Lim Chu Kang,43,1,1.44,103.715
Lim Chu Kang,44,1,1.44,103.715
Lim Chu Kang,45,1,1.44,103.715
Lim Chu Kang,46,1,1.44,103.715
Lim Chu Kang,47,1,1.44,103.715
Lim Chu Kang,48,1,1.44,103.715
Lim Chu Kang,49,1,1.44,103.715
Lim Chu Kang,50,1,1.44,103.715
Lim Chu Kang,51,1,1.44,103.715
Lim Chu Kang,52,2,1.44,103.715
Lim Chu Kang,53,2,1.44,103.715
Lorong Halus,1,1,1.38,103.898
Lorong Halus,2,1,1.38,103.898
Lorong Halus,3,1,1.38,103.898
Lorong Halus,4,1,1.38,103.898
Lorong Halus,5,1,1.38,103.898
Lorong Halus,6,1,1.38,103.898
Lorong Halus,7,2,1.38,103.898
Lorong Halus,8,1,1.38,103.898
Lorong Halus,9,1,1.38,103.898
Lorong Halus,10,1,1.38,103.898
Lorong Halus,11,1,1.38,103.898
Lorong Halus,12,1,1.38,103.898
Lorong Halus,13,1,1.38,103.898
Lorong Halus,14,1,1.38,103.898
Lorong Halus,15,1,1.38,103.898
Lorong Halus,16,1,1.38,103.898
Lorong Halus,17,1,1.38,103.898
Lorong Halus,18,1,1.38,103.898
Lorong Halus,19,1,1.38,103.898
Lorong Halus,20,1,1.38,103.898
Lorong Halus,21,1,1.38,103.898
Lorong Halus,22,1,1.38,103.898
Lorong Halus,23,1,1.38,103.898
Lorong Halus,24,1,1.38,103.898
Lorong Halus,25,2,1.38,103.898
Lorong Halus,26,1,1.38,103.898
Lorong Halus,27,1,1.38,103.898
Lorong Halus,28,1,1.38,103.898
Lorong Halus,29,1,1.38,103.898
Lorong Halus,30,1,1.38,103.898
Lorong Halus,31,1,1.38,103.898
Lorong Halus,32,1,1.38,103.898
Lorong Halus,33,1,1.38,103.898
Lorong Halus,34,1,1.38,103.898
Lorong Halus,35,1,1.38,103.898
Lorong Halus,36,1,1.38,103.898
Lorong Halus,37,2,1.38,103.898
Lorong Halus,38,1,1.38,103.898
Lorong Halus,39,1,1.38,103.898
Lorong Halus,40,1,1.38,103.898
Lorong Halus,41,1,1.38,103.898
Lorong Halus,42,1,1.38,103.898
Lorong Halus,43,1,1.38,103.898
Lorong Halus,44,1,1.38,103.898
Lorong Halus,45,1,1.38,103.898
Lorong Halus,46,1,1.38,103.898
Lorong Halus,47,1,1.38,103.898
Lorong Halus,48,2,1.38,103.898
Lorong Halus,49,2,1.38,103.898
Lorong Halus,50,2,1.38,103.898
Lorong Halus,51,2,1.38,103.898
Lorong Halus,52,1,1.38,103.898
Lorong Halus,53,1,1.38,103.898
MacRitchie Reservoir,1,2,1.344,103.8337
MacRitchie Reservoir,2,2,1.344,103.8337
MacRitchie Reservoir,3,2,1.344,103.8337
MacRitchie Reservoir,4,3,1.344,103.8337
MacRitchie Reservoir,5,2,1.344,103.8337
MacRitchie Reservoir,6,3,1.344,103.8337
MacRitchie Reservoir,7,2,1.344,103.8337
MacRitchie Reservoir,8,1,1.344,103.8337
MacRitchie Reservoir,9,1,1.344,103.8337
MacRitchie Reservoir,27,1,1.344,103.8337
MacRitchie Reservoir,33,1,1.344,103.8337
MacRitchie Reservoir,46,1,1.344,103.8337
MacRitchie Reservoir,47,1,1.344,103.8337
MacRitchie Reservoir,48,1,1.344,103.8337
MacRitchie Reservoir,49,2,1.344,103.8337
MacRitchie Reservoir,50,2,1.344,103.8337
MacRitchie Reservoir,51,2,1.344,103.8337
MacRitchie Reservoir,52,2,1.344,103.8337
MacRitchie Reservoir,53,2,1.344,103.8337
Mandai,14,1,1.4054,103.7926
Mandai,47,1,1.4054,103.7926
Marina Bay,1,5,1.2829,103.8573
Marina Bay,2,4,1.2829,103.8573
Marina Bay,3,5,1.2829,103.8573
Marina Bay,4,5,1.2829,103.8573
Marina Bay,5,8,1.2829,103.8573
Marina Bay,6,5,1.2829,103.8573
Marina Bay,7,5,1.2829,103.8573
Marina Bay,8,5,1.2829,103.8573
Marina Bay,9,5,1.2829,103.8573
Marina Bay,10,4,1.2829,103.8573
Marina Bay,11,3,1.2829,103.8573
Marina Bay,12,3,1.2829,103.8573
Marina Bay,13,3,1.2829,103.8573
Marina Bay,14,4,1.2829,103.8573
Marina Bay,15,2,1.2829,103.8573
Marina Bay,16,2,1.2829,103.8573
Marina Bay,18,1,1.2829,103.8573
Marina Bay,19,1,1.2829,103.8573
Marina Bay,20,2,1.2829,103.8573
Marina Bay,22,2,1.2829,103.8573
Marina Bay,28,1,1.2829,103.8573
Marina Bay,29,1,1.2829,103.8573
Marina Bay,33,1,1.2829,103.8573
Marina Bay,34,1,1.2829,103.8573
Marina Bay,35,1,1.2829,103.8573
Marina Bay,39,2,1.2829,103.8573
Marina Bay,40,1,1.2829,103.8573
Marina Bay,41,2,1.2829,103.8573
Marina Bay,42,3,1.2829,103.8573
Marina Bay,43,3,1.2829,103.8573
Marina Bay,44,3,1.2829,103.8573
Marina Bay,45,5,1.2829,103.8573
Marina Bay,46,4,1.2829,103.8573
Marina Bay,47,3,1.2829,103.8573
Marina Bay,48,3,1.2829,103.8573
Marina Bay,49,5,1.2829,103.8573
Marina Bay,50,4,1.2829,103.8573
Marina Bay,51,6,1.2829,103.8573
Marina Bay,52,3,1.2829,103.8573
Marina Bay,53,7,1.2829,103.8573
Marine Parade,1,1,1.3018,103.9073
Marine Parade,2,1,1.3018,103.9073
Marine Parade,47,1,1.3018,103.9073
Marine Parade,48,1,1.3018,103.9073
Marine Parade,49,1,1.3018,103.9073
Marine Parade,50,1,1.3018,103.9073
Marine Parade,51,1,1.3018,103.9073
Marine Parade,52,1,1.3018,103.9073
Marine Parade,53,1,1.3018,103.9073
Marsling,50,1,1.4325,103.7745
Mount Faber,12,1,1.2702,103.8141
Mount Faber,16,1,1.2702,103.8141
Mount Faber,24,2,1.2702,103.8141
Mount Faber,33,1,1.2702,103.8141
Mount Faber,37,1,1.2702,103.8141
Mount Faber,42,1,1.2702,103.8141
Mount Faber,44,3,1.2702,103.8141
Mount Faber,45,1,1.2702,103.8141
Mount Faber,47,3,1.2702,103.8141
Mount Faber,50,1,1.2702,103.8141
Mount Faber,51,1,1.2702,103.8141
Novena,12,1,1.3207,103.8434
Novena,53,1,1.3207,103.8434
One-North,46,1,1.2992,103.7876
Pasir Panjang,1,1,1.2751,103.7916
Pasir Panjang,2,1,1.2751,103.7916
Pasir Panjang,3,1,1.2751,103.7916
Pasir Panjang,4,1,1.2751,103.7916
Pasir Panjang,5,1,1.2751,103.7916
Pasir Panjang,6,1,1.2751,103.7916
Pasir Panjang,42,2,1.2751,103.7916
Pasir Panjang,45,1,1.2751,103.7916
Pasir Panjang,46,2,1.2751,103.7916
Pasir Panjang,47,1,1.2751,103.7916
Pasir Panjang,48,1,1.2751,103.7916
Pasir Panjang,49,1,1.2751,103.7916
Pasir Panjang,50,1,1.2751,103.7916
Pasir Panjang,51,1,1.2751,103.7916
Pasir Panjang,52,2,1.2751,103.7916
Pasir Panjang,53,1,1.2751,103.7916
Pasir Ris,4,1,1.372,103.9474
Pasir Ris,5,1,1.372,103.9474
Pasir Ris,7,1,1.372,103.9474
Pasir Ris,11,1,1.372,103.9474
Pasir Ris,12,3,1.372,103.9474
Pasir Ris,13,4,1.372,103.9474
Pasir Ris,14,3,1.372,103.9474
Pasir Ris,15,3,1.372,103.9474
Pasir Ris,16,2,1.372,103.9474
Pasir Ris,17,3,1.372,103.9474
Pasir Ris,18,2,1.372,103.9474
Pasir Ris,19,2,1.372,103.9474
Pasir Ris,20,1,1.372,103.9474
Pasir Ris,21,1,1.372,103.9474
Pasir Ris,22,1,1.372,103.9474
Pasir Ris,23,2,1.372,103.9474
Pasir Ris,24,1,1.372,103.9474
Pasir Ris,25,3,1.372,103.9474
Pasir Ris,26,3,1.372,103.9474
Pasir Ris,27,2,1.372,103.9474
Pasir Ris,28,1,1.372,103.9474
Pasir Ris,29,1,1.372,103.9474
Pasir Ris,30,2,1.372,103.9474
Pasir Ris,31,1,1.372,103.9474
Pasir Ris,42,1,1.372,103.9474
Pasir Ris,48,2,1.372,103.9474
Pasir Ris,49,2,1.372,103.9474
Pasir Ris,50,2,1.372,103.9474
Pasir Ris,51,1,1.372,103.9474
Pasir Ris,52,1,1.372,103.9474
Paya Lebar,36,1,1.3535,103.8872
Pulau Semakau,9,1,1.1929,103.7167
Pulau Semakau,47,1,1.1929,103.7167
Pulau Tekong,1,1,1.4098,104.0406
Pulau Tekong,2,1,1.4098,104.0406
Pulau Tekong,3,1,1.4098,104.0406
Pulau Tekong,4,1,1.4098,104.0406
Pulau Tekong,5,1,1.4098,104.0406
Pulau Tekong,6,1,1.4098,104.0406
Pulau Tekong,7,2,1.4098,104.0406
Pulau Tekong,8,1,1.4098,104.0406
Pulau Tekong,10,1,1.4098,104.0406
Pulau Tekong,12,1,1.4098,104.0406
Pulau Tekong,15,1,1.4098,104.0406
Pulau Tekong,23,1,1.4098,104.0406
Pulau Tekong,25,3,1.4098,104.0406
Pulau Tekong,26,2,1.4098,104.0406
Pulau Tekong,27,3,1.4098,104.0406
Pulau Tekong,28,1,1.4098,104.0406
Pulau Tekong,29,3,1.4098,104.0406
Pulau Tekong,30,3,1.4098,104.0406
Pulau Tekong,31,3,1.4098,104.0406
Pulau Tekong,32,2,1.4098,104.0406
Pulau Tekong,33,2,1.4098,104.0406
Pulau Tekong,34,1,1.4098,104.0406
Pulau Tekong,37,1,1.4098,104.0406
Pulau Tekong,38,2,1.4098,104.0406
Pulau Tekong,41,2,1.4098,104.0406
Pulau Tekong,42,2,1.4098,104.0406
Pulau Tekong,43,1,1.4098,104.0406
Pulau Tekong,44,1,1.4098,104.0406
Pulau Tekong,45,2,1.4098,104.0406
Pulau Tekong,46,1,1.4098,104.0406
Pulau Tekong,47,1,1.4098,104.0406
Pulau Tekong,51,1,1.4098,104.0406
Pulau Tekong,52,1,1.4098,104.0406
Pulau Tekong,53,1,1.4098,104.0406
Pulau Ubin,1,5,1.4044,103.9603
Pulau Ubin,2,5,1.4044,103.9603
Pulau Ubin,3,10,1.4044,103.9603
Pulau Ubin,4,7,1.4044,103.9603
Pulau Ubin,5,11,1.4044,103.9603
Pulau Ubin,6,7,1.4044,103.9603
Pulau Ubin,7,6,1.4044,103.9603
Pulau Ubin,8,4,1.4044,103.9603
Pulau Ubin,9,3,1.4044,103.9603
Pulau Ubin,10,4,1.4044,103.9603
Pulau Ubin,11,4,1.4044,103.9603
Pulau Ubin,12,4,1.4044,103.9603
Pulau Ubin,13,3,1.4044,103.9603
Pulau Ubin,14,4,1.4044,103.9603
Pulau Ubin,15,6,1.4044,103.9603
Pulau Ubin,16,8,1.4044,103.9603
Pulau Ubin,17,10,1.4044,103.9603
Pulau Ubin,18,8,1.4044,103.9603
Pulau Ubin,19,8,1.4044,103.9603
Pulau Ubin,20,7,1.4044,103.9603
Pulau Ubin,21,9,1.4044,103.9603
Pulau Ubin,22,6,1.4044,103.9603
Pulau Ubin,23,6,1.4044,103.9603
Pulau Ubin,24,6,1.4044,103.9603
Pulau Ubin,25,6,1.4044,103.9603
Pulau Ubin,26,6,1.4044,103.9603
Pulau Ubin,27,7,1.4044,103.9603
Pulau Ubin,28,5,1.4044,103.9603
Pulau Ubin,29,4,1.4044,103.9603
Pulau Ubin,30,5,1.4044,103.9603
Pulau Ubin,31,4,1.4044,103.9603
Pulau Ubin,32,3,1.4044,103.9603
Pulau Ubin,33,4,1.4044,103.9603
Pulau Ubin,34,3,1.4044,103.9603
Pulau Ubin,35,2,1.4044,103.9603
Pulau Ubin,36,3,1.4044,103.9603
Pulau Ubin,37,3,1.4044,103.9603
Pulau Ubin,38,5,1.4044,103.9603
Pulau Ubin,39,3,1.4044,103.9603
Pulau Ubin,40,4,1.4044,103.9603
Pulau Ubin,41,4,1.4044,103.9603
Pulau Ubin,42,5,1.4044,103.9603
Pulau Ubin,43,6,1.4044,103.9603
Pulau Ubin,44,5,1.4044,103.9603
Pulau Ubin,45,6,1.4044,103.9603
Pulau Ubin,46,6,1.4044,103.9603
Pulau Ubin,47,6,1.4044,103.9603
Pulau Ubin,48,5,1.4044,103.9603
Pulau Ubin,49,5,1.4044,103.9603
Pulau Ubin,50,8,1.4044,103.9603
Pulau Ubin,51,6,1.4044,103.9603
Pulau Ubin,52,7,1.4044,103.9603
Pulau Ubin,53,6,1.4044,103.9603
Punggol,1,1,1.4056,103.9024
Punggol,2,1,1.4056,103.9024
Punggol,3,1,1.4056,103.9024
Punggol,5,1,1.4056,103.9024
Punggol,8,1,1.4056,103.9024
Punggol,36,1,1.4056,103.9024
Punggol,46,1,1.4056,103.9024
Punggol,51,1,1.4056,103.9024
Punggol,53,2,1.4056,103.9024
Queenstown,2,1,1.2942,103.806
Queenstown,3,1,1.2942,103.806
Queenstown,13,1,1.2942,103.806
Queenstown,14,1,1.2942,103.806
Queenstown,23,1,1.2942,103.806
Queenstown,44,1,1.2942,103.806
Queenstown,53,1,1.2942,103.806
Seletar,3,3,1.409,103.8774
Seletar,4,1,1.409,103.8774
Seletar,5,1,1.409,103.8774
Seletar,8,1,1.409,103.8774
Seletar,18,1,1.409,103.8774
Seletar,20,1,1.409,103.8774
Seletar,26,1,1.409,103.8774
Seletar,32,1,1.409,103.8774
Seletar,46,1,1.409,103.8774
Sembawang,12,1,1.4489,103.8201
Sembawang,13,1,1.4489,103.8201
Sembawang,14,1,1.4489,103.8201
Sembawang,32,1,1.4489,103.8201
Sembawang,33,1,1.4489,103.8201
Sembawang,34,1,1.4489,103.8201
Sembawang,35,1,1.4489,103.8201
Sembawang,36,1,1.4489,103.8201
Sembawang,37,2,1.4489,103.8201
Sembawang,38,1,1.4489,103.8201
Sembawang,39,1,1.4489,103.8201
Sembawang,40,1,1.4489,103.8201
Sembawang,46,1,1.4489,103.8201
Sembawang,47,1,1.4489,103.8201
Sembawang,50,1,1.4489,103.8201
Sembawang,51,1,1.4489,103.8201
Sentosa,13,1,1.2494,103.8303
Sentosa,48,1,1.2494,103.8303
Serangoon,9,1,1.3636,103.8671
Serangoon,22,1,1.3636,103.8671
Serangoon,44,1,1.3636,103.8671
Serangoon,45,1,1.3636,103.8671
Serangoon,46,2,1.3636,103.8671
Serangoon,47,2,1.3636,103.8671
Sims Avenue,44,1,1.317,103.8881
Singapore,1,1,1.3521,103.8198
Singapore,2,1,1.3521,103.8198
Singapore,3,1,1.3521,103.8198
Singapore,4,1,1.3521,103.8198
Singapore,5,1,1.3521,103.8198
Singapore,6,1,1.3521,103.8198
Singapore,7,1,1.3521,103.8198
Singapore,8,1,1.3521,103.8198
Singapore,9,1,1.3521,103.8198
Singapore,10,1,1.3521,103.8198
Singapore,11,1,1.3521,103.8198
Singapore,12,1,1.3521,103.8198
Singapore,13,1,1.3521,103.8198
Singapore,14,1,1.3521,103.8198
Singapore,15,1,1.3521,103.8198
Singapore,16,1,1.3521,103.8198
Singapore,17,1,1.3521,103.8198
Singapore,18,1,1.3521,103.8198
Singapore,19,1,1.3521,103.8198
Singapore,20,1,1.3521,103.8198
Singapore,21,1,1.3521,103.8198
Singapore,22,1,1.3521,103.8198
Singapore,23,1,1.3521,103.8198
Singapore,24,1,1.3521,103.8198
Singapore,25,1,1.3521,103.8198
Singapore,26,1,1.3521,103.8198
Singapore,27,1,1.3521,103.8198
Singapore,28,1,1.3521,103.8198
Singapore,29,1,1.3521,103.8198
Singapore,30,1,1.3521,103.8198
Singapore,31,1,1.3521,103.8198
Singapore,32,1,1.3521,103.8198
Singapore,33,1,1.3521,103.8198
Singapore,34,1,1.3521,103.8198
Singapore,35,1,1.3521,103.8198
Singapore,36,1,1.3521,103.8198
Singapore,37,1,1.3521,103.8198
Singapore,38,1,1.3521,103.8198
Singapore,39,1,1.3521,103.8198
Singapore,40,1,1.3521,103.8198
Singapore,41,1,1.3521,103.8198
Singapore,42,1,1.3521,103.8198
Singapore,43,1,1.3521,103.8198
Singapore,44,1,1.3521,103.8198
Singapore,45,1,1.3521,103.8198
Singapore,46,1,1.3521,103.8198
Singapore,47,1,1.3521,103.8198
Singapore,48,1,1.3521,103.8198
Singapore,49,1,1.3521,103.8198
Singapore,50,1,1.3521,103.8198
Singapore,51,1,1.3521,103.8198
Singapore,52,1,1.3521,103.8198
Singapore,53,1,1.3521,103.8198
Singapore Botanical Gardnes,1,3,1.3138,103.8156
Singapore Botanical Gardnes,2,3,1.3138,103.8156
Singapore Botanical Gardnes,3,3,1.3138,103.8156
Singapore Botanical Gardnes,4,3,1.3138,103.8156
Singapore Botanical Gardnes,5,3,1.3138,103.8156
Singapore Botanical Gardnes,6,3,1.3138,103.8156
Singapore Botanical Gardnes,7,3,1.3138,103.8156
Singapore Botanical Gardnes,8,3,1.3138,103.8156
Singapore Botanical Gardnes,9,2,1.3138,103.8156
Singapore Botanical Gardnes,10,2,1.3138,103.8156
Singapore Botanical Gardnes,11,3,1.3138,103.8156
Singapore Botanical Gardnes,12,3,1.3138,103.8156
Singapore Botanical Gardnes,13,1,1.3138,103.8156
Singapore Botanical Gardnes,14,1,1.3138,103.8156
Singapore Botanical Gardnes,15,1,1.3138,103.8156
Singapore Botanical Gardnes,16,1,1.3138,103.8156
Singapore Botanical Gardnes,17,1,1.3138,103.8156
Singapore Botanical Gardnes,18,1,1.3138,103.8156
Singapore Botanical Gardnes,19,1,1.3138,103.8156
Singapore Botanical Gardnes,23,2,1.3138,103.8156
Singapore Botanical Gardnes,42,1,1.3138,103.8156
Singapore Botanical Gardnes,43,1,1.3138,103.8156
Singapore Botanical Gardnes,46,3,1.3138,103.8156
Singapore Botanical Gardnes,47,6,1.3138,103.8156
Singapore Botanical Gardnes,48,6,1.3138,103.8156
Singapore Botanical Gardnes,49,5,1.3138,103.8156
Singapore Botanical Gardnes,50,5,1.3138,103.8156
Singapore Botanical Gardnes,51,4,1.3138,103.8156
Singapore Botanical Gardnes,52,3,1.3138,103.8156
Singapore Botanical Gardnes,53,5,1.3138,103.8156
Singapore Straits,6,3,1.2751,103.8667
Singapore Straits,14,2,1.2751,103.8667
Singapore Straits,15,2,1.2751,103.8667
Singapore Straits,17,2,1.2751,103.8667
Singapore Straits,20,2,1.2751,103.8667
Singapore Straits,38,2,1.2751,103.8667
Singapore Straits,39,3,1.2751,103.8667
Singapore Straits,41,3,1.2751,103.8667
Singapore Straits,42,1,1.2751,103.8667
Singapore Straits,44,1,1.2751,103.8667
St. John's Island,48,1,1.2214,103.8635
Straits of Johor,32,1,1.39,103.74
Straits of Johor,38,1,1.39,103.74
Sungei Buloh,1,3,1.4478,103.7242
Sungei Buloh,2,3,1.4478,103.7242
Sungei Buloh,3,3,1.4478,103.7242
Sungei Buloh,4,2,1.4478,103.7242
Sungei Buloh,5,2,1.4478,103.7242
Sungei Buloh,6,1,1.4478,103.7242
Sungei Buloh,7,3,1.4478,103.7242
Sungei Buloh,8,4,1.4478,103.7242
Sungei Buloh,9,4,1.4478,103.7242
Sungei Buloh,10,3,1.4478,103.7242
Sungei Buloh,11,6,1.4478,103.7242
Sungei Buloh,12,4,1.4478,103.7242
Sungei Buloh,13,2,1.4478,103.7242
Sungei Buloh,14,2,1.4478,103.7242
Sungei Buloh,15,1,1.4478,103.7242
Sungei Buloh,16,3,1.4478,103.7242
Sungei Buloh,17,1,1.4478,103.7242
Sungei Buloh,18,2,1.4478,103.7242
Sungei Buloh,19,3,1.4478,103.7242
Sungei Buloh,20,3,1.4478,103.7242
Sungei Buloh,21,3,1.4478,103.7242
Sungei Buloh,22,3,1.4478,103.7242
Sungei Buloh,23,3,1.4478,103.7242
Sungei Buloh,24,4,1.4478,103.7242
Sungei Buloh,25,2,1.4478,103.7242
Sungei Buloh,26,2,1.4478,103.7242
Sungei Buloh,27,4,1.4478,103.7242
Sungei Buloh,28,3,1.4478,103.7242
Sungei Buloh,29,2,1.4478,103.7242
Sungei Buloh,30,2,1.4478,103.7242
Sungei Buloh,31,3,1.4478,103.7242
Sungei Buloh,32,3,1.4478,103.7242
Sungei Buloh,33,6,1.4478,103.7242
Sungei Buloh,34,3,1.4478,103.7242
Sungei Buloh,35,3,1.4478,103.7242
Sungei Buloh,36,4,1.4478,103.7242
Sungei Buloh,37,3,1.4478,103.7242
Sungei Buloh,38,3,1.4478,103.7242
Sungei Buloh,39,3,1.4478,103.7242
Sungei Buloh,40,4,1.4478,103.7242
Sungei Buloh,41,2,1.4478,103.7242
Sungei Buloh,42,3,1.4478,103.7242
Sungei Buloh,43,2,1.4478,103.7242
Sungei Buloh,44,3,1.4478,103.7242
Sungei Buloh,45,7,1.4478,103.7242
Sungei Buloh,46,4,1.4478,103.7242
Sungei Buloh,47,3,1.4478,103.7242
Sungei Buloh,48,4,1.4478,103.7242
Sungei Buloh,49,4,1.4478,103.7242
Sungei Buloh,50,3,1.4478,103.7242
Sungei Buloh,51,4,1.4478,103.7242
Sungei Buloh,52,4,1.4478,103.7242
Sungei Buloh,53,4,1.4478,103.7242
Sungei Tengah,29,2,1.3791,103.7165
Sungei Tengah,45,1,1.3791,103.7165
Sungei Tengah,46,2,1.3791,103.7165
Sungei Tengah,47,1,1.3791,103.7165
Tampines,12,1,1.3546,103.9436
Tampines,14,1,1.3546,103.9436
Tampines,17,2,1.3546,103.9436
Tampines,44,1,1.3546,103.9436
Tampines,47,1,1.3546,103.9436
Tampines,48,1,1.3546,103.9436
Tanah Merah,16,1,1.327,103.9473
Tanah Merah,42,1,1.327,103.9473
Tanah Merah,48,1,1.327,103.9473
Tanjong Katong,17,1,1.3056,103.9047
Tanjong Rhu,3,1,1.3008,103.8712
Tanjong Rhu,4,1,1.3008,103.8712
Telok Blangah,1,1,1.271,103.8096
Telok Blangah,2,2,1.271,103.8096
Telok Blangah,3,1,1.271,103.8096
Telok Blangah,4,1,1.271,103.8096
Telok Blangah,5,1,1.271,103.8096
Telok Blangah,6,1,1.271,103.8096
Telok Blangah,7,3,1.271,103.8096
Telok Blangah,8,1,1.271,103.8096
Telok Blangah,9,1,1.271,103.8096
Telok Blangah,10,1,1.271,103.8096
Telok Blangah,11,2,1.271,103.8096
Telok Blangah,12,1,1.271,103.8096
Telok Blangah,15,1,1.271,103.8096
Telok Blangah,16,3,1.271,103.8096
Telok Blangah,24,3,1.271,103.8096
Telok Blangah,33,3,1.271,103.8096
Telok Blangah,37,2,1.271,103.8096
Telok Blangah,41,2,1.271,103.8096
Telok Blangah,42,3,1.271,103.8096
Telok Blangah,43,9,1.271,103.8096
Telok Blangah,44,6,1.271,103.8096
Telok Blangah,45,2,1.271,103.8096
Telok Blangah,46,5,1.271,103.8096
Telok Blangah,47,4,1.271,103.8096
Telok Blangah,48,2,1.271,103.8096
Telok Blangah,49,1,1.271,103.8096
Telok Blangah,50,3,1.271,103.8096
Telok Blangah,51,1,1.271,103.8096
Telok Blangah,52,1,1.271,103.8096
Telok Blangah,53,1,1.271,103.8096
Toa Payoh,7,1,1.3354,103.849
Tuas,1,1,1.3294,103.6394
Tuas,2,1,1.3294,103.6394
Tuas,3,1,1.3294,103.6394
Tuas,4,1,1.3294,103.6394
Tuas,7,1,1.3294,103.6394
Tuas,11,1,1.3294,103.6394
Tuas,19,1,1.3294,103.6394
Tuas,24,1,1.3294,103.6394
Tuas,28,1,1.3294,103.6394
Tuas,29,2,1.3294,103.6394
Tuas,35,1,1.3294,103.6394
Tuas,36,2,1.3294,103.6394
Tuas,37,3,1.3294,103.6394
Tuas,38,2,1.3294,103.6394
Tuas,39,2,1.3294,103.6394
Tuas,40,2,1.3294,103.6394
Tuas,41,2,1.3294,103.6394
Tuas,42,3,1.3294,103.6394
Tuas,43,2,1.3294,103.6394
Tuas,44,2,1.3294,103.6394
Tuas,45,4,1.3294,103.6394
Tuas,46,3,1.3294,103.6394
Tuas,47,3,1.3294,103.6394
Tuas,48,1,1.3294,103.6394
Tuas,49,1,1.3294,103.6394
Tuas,50,2,1.3294,103.6394
Tuas,51,2,1.3294,103.6394
Tuas,52,2,1.3294,103.6394
Tuas,53,1,1.3294,103.6394
Turf Club,15,1,1.4386,103.7551
Turf Club,20,1,1.4386,103.7551
Ulu Pandan,3,1,1.318,103.7844
Ulu Pandan,12,1,1.318,103.7844
Ulu Pandan,13,1,1.318,103.7844
Ulu Pandan,14,1,1.318,103.7844
Ulu Pandan,45,1,1.318,103.7844
Ulu Pandan,46,1,1.318,103.7844
West Coast,2,2,1.314,103.762
West Coast,7,1,1.314,103.762
West Coast,8,1,1.314,103.762
West Coast,9,1,1.314,103.762
West Coast,10,1,1.314,103.762
West Coast,11,1,1.314,103.762
West Coast,12,1,1.314,103.762
West Coast,44,2,1.314,103.762
West Coast,45,1,1.314,103.762
West Coast,46,1,1.314,103.762
West Coast,52,1,1.314,103.762
Western Catchment,45,1,1.38,103.71
Woodlands,14,1,1.4361,103.7868
Woodlands,48,1,1.4361,103.7868
Yishun,1,2,1.4294,103.8354
Yishun,2,2,1.4294,103.8354
Yishun,3,3,1.4294,103.8354
Yishun,4,1,1.4294,103.8354
Yishun,5,2,1.4294,103.8354
Yishun,6,1,1.4294,103.8354
Yishun,7,1,1.4294,103.8354
Yishun,8,1,1.4294,103.8354
Yishun,9,1,1.4294,103.8354
Yishun,15,1,1.4294,103.8354
Yishun,19,1,1.4294,103.8354
Yishun,22,1,1.4294,103.8354
Yishun,23,1,1.4294,103.8354
Yishun,24,2,1.4294,103.8354
Yishun,32,1,1.4294,103.8354
Yishun,33,1,1.4294,103.8354
Yishun,34,1,1.4294,103.8354
Yishun,35,1,1.4294,103.8354
Yishun,36,1,1.4294,103.8354
Yishun,37,1,1.4294,103.8354
Yishun,38,1,1.4294,103.8354
Yishun,39,1,1.4294,103.8354
Yishun,41,1,1.4294,103.8354
Yishun,46,1,1.4294,103.8354
Yishun,49,1,1.4294,103.8354
Yishun,50,3,1.4294,103.8354
Yishun,51,2,1.4294,103.8354
Yishun,52,2,1.4294,103.8354